 create database aula4


CREATE TABLE alunos
(RM INT NOT NULL,
NOME VARCHAR(40) NOT NULL,
CURSO TINYINT NOT NULL,
MODULO TINYINT NOT NULL,
STATUS CHAR(1) NOT NULL)
GO
ALTER TABLE alunos ADD CONSTRAINT alunos_pk PRIMARY KEY (RM)
GO
CREATE TABLE cursos
(
CODIGO TINYINT NOT NULL,
DESCRICAO VARCHAR(15) NOT NULL
)
GO
ALTER TABLE cursos ADD CONSTRAINT cursos_pk PRIMARY KEY (CODIGO)
GO
CREATE TABLE materias
(
CODIGO INT NOT NULL,
DESCRICAO VARCHAR(25) NOT NULL,
SIGLA VARCHAR(10) NOT NULL,
CURSO TINYINT NOT NULL
)
GO
ALTER TABLE materias ADD CONSTRAINT materias_pk PRIMARY KEY (CODIGO)
GO
CREATE TABLE notas
(RM INT NOT NULL,
MATERIA INT NOT NULL,
MENCAO1 FLOAT NOT NULL,
MENCAO2 FLOAT NOT NULL,
MENCAO3 FLOAT NOT NULL,
MENCAO4 FLOAT NOT NULL
)
GO
ALTER TABLE notas ADD CONSTRAINT notas_pk PRIMARY KEY (RM, MATERIA)
GO
INSERT alunos VALUES ( 1,'ALUNO 1' ,1,1,'A')
INSERT alunos VALUES ( 2,'ALUNO 2' ,1,1,'A')
INSERT alunos VALUES ( 3,'ALUNO 3' ,1,1,'A')
INSERT alunos VALUES ( 4,'ALUNO 4' ,1,1,'A')
INSERT alunos VALUES ( 5,'ALUNO 5' ,1,1,'I')
INSERT alunos VALUES ( 6,'ALUNO 6' ,2,1,'A')
INSERT alunos VALUES ( 7,'ALUNO 7' ,2,1,'A')
INSERT alunos VALUES ( 8,'ALUNO 8' ,2,1,'A')
INSERT alunos VALUES ( 9,'ALUNO 9' ,2,1,'I')
INSERT alunos VALUES (10,'ALUNO 10',2,1,'I')
GO
INSERT cursos VALUES (1,'INFORMATICA')
INSERT cursos VALUES (2,'ADMINISTRACAO')
INSERT cursos VALUES (3,'MECANICA')
INSERT cursos VALUES (5,'ELETRONICA')
GO
INSERT materias VALUES (11,'BANCO DE DADOS','TLBDI',1)
INSERT materias VALUES (12,'ANALISE DE SISTEMAS','AS',1)
INSERT materias VALUES (13,'LOGICA DE PROGRAMACAO','LP',1)
INSERT materias VALUES (14,'LINGUAGEM TÉCNICA','LTT',1)
INSERT materias VALUES (15,'TLBD','TLBDI',1)
INSERT materias VALUES (21,'LINGUAGEM TÉCNICA','LTT',2)
INSERT materias VALUES (22,'MATEMATICA FINANCEIRA','MF',2)
INSERT materias VALUES (23,'CONTABILIDADE','CONTABIL',2)
INSERT materias VALUES (24,'TEORIA DA ADMINSTRACAO','TGA',2)
INSERT materias VALUES (25,'NOCOES DE DIREITO','NDIR',2)
GO
CREATE TABLE progressao
(RM INT NOT NULL,
DATA SMALLDATETIME NOT NULL,
MATERIA INT NOT NULL,
MEDIA FLOAT NOT NULL,
SITUACAO VARCHAR(25) NOT NULL
)
ALTER TABLE progressao ADD CONSTRAINT progressao_pk PRIMARY KEY (RM,DATA,MATERIA)
GO
INSERT notas VALUES ( 1,11,5.1,7.1,6.7,8.1)
INSERT notas VALUES ( 2,11,0.0,0.0,9.9,7.1)
INSERT notas VALUES ( 3,11,4.5,4.5,5.5,3.0)
INSERT notas VALUES ( 4,11,2.0,1.0,0.0,0.0)
INSERT notas VALUES ( 1,12,5.1,7.1,6.7,8.1)
INSERT notas VALUES ( 2,12,0.0,0.5,9.9,7.1)
INSERT notas VALUES ( 3,12,4.5,4.5,5.5,3.0)
INSERT notas VALUES ( 4,12,2.0,1.0,0.0,0.0)
INSERT notas VALUES ( 1,13,5.1,7.1,6.7,8.1)
INSERT notas VALUES ( 2,13,0.0,0.0,9.9,7.1)
INSERT notas VALUES ( 3,13,4.5,4.5,5.5,3.0)
INSERT notas VALUES ( 4,13,2.0,1.0,7.0,0.0)
INSERT notas VALUES ( 1,14,5.1,7.1,6.7,8.1)
INSERT notas VALUES ( 2,14,0.0,0.0,9.9,7.1)
INSERT notas VALUES ( 3,14,4.5,4.5,5.5,3.0)
INSERT notas VALUES ( 4,14,2.0,1.0,0.0,0.0)
INSERT notas VALUES ( 1,15,5.1,7.1,6.7,8.1)
INSERT notas VALUES ( 2,15,9.0,8.0,5.5,7.1)
INSERT notas VALUES ( 3,15,4.5,4.5,5.5,3.0)
INSERT notas VALUES ( 4,15,2.0,1.5,4.0,6.0)
INSERT notas VALUES ( 6,21,2.0,1.6,5.0,7.0)
INSERT notas VALUES ( 7,21,2.0,1.7,6.0,5.0)
INSERT notas VALUES ( 8,21,2.0,1.0,7.0,4.0)
INSERT notas VALUES ( 6,22,2.0,1.0,8.1,8.0)
INSERT notas VALUES ( 7,22,2.0,1.0,9.2,3.0)
INSERT notas VALUES ( 8,22,2.0,1.0,3.3,4.0)
INSERT notas VALUES ( 6,23,2.0,1.0,4.4,6.0)
INSERT notas VALUES ( 7,23,2.0,1.0,6.5,7.0)
INSERT notas VALUES ( 8,23,2.0,1.0,8.5,7.0)
INSERT notas VALUES ( 6,24,2.0,1.0,9.5,4.0)
INSERT notas VALUES ( 7,24,2.0,1.0,2.5,4.0)
INSERT notas VALUES ( 8,24,2.0,1.0,6.0,0.0)
INSERT notas VALUES ( 6,25,2.0,1.0,5.0,0.9)
INSERT notas VALUES ( 7,25,2.0,1.0,8.1,2.0)
INSERT notas VALUES ( 8,25,2.0,1.0,9.1,9.0)
GO